network,pe_count,batch,id,macs,capacity_macs,utilization
784->128->10,1,8,0,813056,864256,0.9407582938388626
784->128->10,2,8,0,406528,432128,0.9407582938388626
784->128->10,2,8,1,406528,432128,0.9407582938388626
784->128->10,4,8,0,203264,216064,0.9407582938388626
784->128->10,4,8,1,203264,216064,0.9407582938388626
784->128->10,4,8,2,203264,216064,0.9407582938388626
784->128->10,4,8,3,203264,216064,0.9407582938388626
784->128->10,8,8,0,101632,108032,0.9407582938388626
784->128->10,8,8,1,101632,108032,0.9407582938388626
784->128->10,8,8,2,101632,108032,0.9407582938388626
784->128->10,8,8,3,101632,108032,0.9407582938388626
784->128->10,8,8,4,101632,108032,0.9407582938388626
784->128->10,8,8,5,101632,108032,0.9407582938388626
784->128->10,8,8,6,101632,108032,0.9407582938388626
784->128->10,8,8,7,101632,108032,0.9407582938388626
784->256->128->10,4,8,0,469504,494592,0.9492753623188406
784->256->128->10,4,8,1,469504,494592,0.9492753623188406
784->256->128->10,4,8,2,469504,494592,0.9492753623188406
784->256->128->10,4,8,3,469504,494592,0.9492753623188406
784->512->256->128->10,4,8,0,1133056,1182720,0.958008658008658
784->512->256->128->10,4,8,1,1133056,1182720,0.958008658008658
784->512->256->128->10,4,8,2,1133056,1182720,0.958008658008658
784->512->256->128->10,4,8,3,1133056,1182720,0.958008658008658
