network,pe_count,batch,type,count,bytes
784->128->10,1,8,RamToDma,3833,1247784
784->128->10,1,8,DmaToSram,844,1247232
784->128->10,1,8,SramToDma,280,4416
784->128->10,1,8,DmaToRam,280,4416
784->128->10,1,8,InputSramToPe,422,815104
784->128->10,1,8,WeightSramToPe,422,407552
784->128->10,1,8,PeToReduction,35,4480
784->128->10,1,8,DmaToBias,35,552
784->128->10,1,8,ReductionToBias,35,4480
784->128->10,1,8,BiasToLut,35,4480
784->128->10,1,8,LutToOutputSram,35,4416
784->128->10,1,8,CpuToQueue,2,128
784->128->10,1,8,QueueToScheduler,2,128
784->128->10,2,8,RamToDma,4255,1247784
784->128->10,2,8,DmaToSram,1688,1247232
784->128->10,2,8,SramToDma,280,4416
784->128->10,2,8,DmaToRam,280,4416
784->128->10,2,8,InputSramToPe,844,815104
784->128->10,2,8,WeightSramToPe,844,407552
784->128->10,2,8,PeToReduction,70,8960
784->128->10,2,8,DmaToBias,35,552
784->128->10,2,8,ReductionToBias,35,4480
784->128->10,2,8,BiasToLut,35,4480
784->128->10,2,8,LutToOutputSram,35,4416
784->128->10,2,8,CpuToQueue,2,128
784->128->10,2,8,QueueToScheduler,2,128
784->128->10,4,8,RamToDma,5099,1247784
784->128->10,4,8,DmaToSram,3376,1247232
784->128->10,4,8,SramToDma,280,4416
784->128->10,4,8,DmaToRam,280,4416
784->128->10,4,8,InputSramToPe,1688,815104
784->128->10,4,8,WeightSramToPe,1688,407552
784->128->10,4,8,PeToReduction,140,17920
784->128->10,4,8,DmaToBias,35,552
784->128->10,4,8,ReductionToBias,35,4480
784->128->10,4,8,BiasToLut,35,4480
784->128->10,4,8,LutToOutputSram,35,4416
784->128->10,4,8,CpuToQueue,2,128
784->128->10,4,8,QueueToScheduler,2,128
784->128->10,8,8,RamToDma,6787,1247784
784->128->10,8,8,DmaToSram,6752,1247232
784->128->10,8,8,SramToDma,280,4416
784->128->10,8,8,DmaToRam,280,4416
784->128->10,8,8,InputSramToPe,3376,815104
784->128->10,8,8,WeightSramToPe,3376,407552
784->128->10,8,8,PeToReduction,280,35840
784->128->10,8,8,DmaToBias,35,552
784->128->10,8,8,ReductionToBias,35,4480
784->128->10,8,8,BiasToLut,35,4480
784->128->10,8,8,LutToOutputSram,35,4416
784->128->10,8,8,CpuToQueue,2,128
784->128->10,8,8,QueueToScheduler,2,128
784->256->128->10,4,8,RamToDma,11691,2870824
784->256->128->10,4,8,DmaToSram,7728,2869248
784->256->128->10,4,8,SramToDma,792,12608
784->256->128->10,4,8,DmaToRam,792,12608
784->256->128->10,4,8,InputSramToPe,3864,1880064
784->256->128->10,4,8,WeightSramToPe,3864,940032
784->256->128->10,4,8,PeToReduction,396,50688
784->256->128->10,4,8,DmaToBias,99,1576
784->256->128->10,4,8,ReductionToBias,99,12672
784->256->128->10,4,8,BiasToLut,99,12672
784->256->128->10,4,8,LutToOutputSram,99,12608
784->256->128->10,4,8,CpuToQueue,3,192
784->256->128->10,4,8,QueueToScheduler,3,192
784->512->256->128->10,4,8,RamToDma,27947,6903336
784->512->256->128->10,4,8,DmaToSram,18480,6899712
784->512->256->128->10,4,8,SramToDma,1816,28992
784->512->256->128->10,4,8,DmaToRam,1816,28992
784->512->256->128->10,4,8,InputSramToPe,9240,4534272
784->512->256->128->10,4,8,WeightSramToPe,9240,2267136
784->512->256->128->10,4,8,PeToReduction,908,116224
784->512->256->128->10,4,8,DmaToBias,227,3624
784->512->256->128->10,4,8,ReductionToBias,227,29056
784->512->256->128->10,4,8,BiasToLut,227,29056
784->512->256->128->10,4,8,LutToOutputSram,227,28992
784->512->256->128->10,4,8,CpuToQueue,4,256
784->512->256->128->10,4,8,QueueToScheduler,4,256
